col 1,ChEMBL ID,Smiles,Scaffold,Name,Synonyms,Type,Max Phase,Molecular Weight,Targets,Bioactivities,AlogP,PSA,HBA,HBD,#RO5 Violations,#Rotatable Bonds,Passes Ro3,QED Weighted,CX ApKa,CX BpKa,CX LogP,CX LogD,Aromatic Rings,Structure Type,Inorganic Flag,Heavy Atoms,HBA Lipinski,HBD Lipinski,#RO5 Violations (Lipinski),Molecular Weight (Monoisotopic),Molecular Species,Molecular Formula
0,CHEMBL483900,CC(C)(O)C#Cc1ccc2c(c1)c1cc(Cl)ccc1c1nc(-c3c(C#N)cccc3C#N)[nH]c21,"
     RDKit          2D

 14 16  0  0  0  0  0  0  0  0999 V2000
    1.5000    0.0000    0.0000 R   0  0  0  0  0  0  0  0  0  0  0  0
    0.7500   -1.2990    0.0000 C   0  0  0  0  0  0  0  0  0  0  0  0
   -0.7500   -1.2990    0.0000 C   0  0  0  0  0  0  0  0  0  0  0  0
   -1.5000    0.0000    0.0000 C   0  0  0  0  0  0  0  0  0  0  0  0
   -0.7500    1.2990    0.0000 C   0  0  0  0  0  0  0  0  0  0  0  0
   -1.5000    2.5981    0.0000 C   0  0  0  0  0  0  0  0  0  0  0  0
   -0.7500    3.8971    0.0000 C   0  0  0  0  0  0  0  0  0  0  0  0
    0.7500    3.8971    0.0000 C   0  0  0  0  0  0  0  0  0  0  0  0
    1.5000    5.1962    0.0000 C   0  0  0  0  0  0  0  0  0  0  0  0
    3.0000    5.1962    0.0000 C   0  0  0  0  0  0  0  0  0  0  0  0
    3.7500    3.8971    0.0000 C   0  0  0  0  0  0  0  0  0  0  0  0
    3.0000    2.5981    0.0000 R   0  0  0  0  0  0  0  0  0  0  0  0
    1.5000    2.5981    0.0000 C   0  0  0  0  0  0  0  0  0  0  0  0
    0.7500    1.2990    0.0000 C   0  0  0  0  0  0  0  0  0  0  0  0
  1  2  2  0
  2  3  1  0
  3  4  2  0
  4  5  1  0
  5  6  2  0
  6  7  1  0
  7  8  2  0
  8  9  1  0
  9 10  2  0
 10 11  1  0
 11 12  2  0
 12 13  1  0
 13 14  2  0
 14  1  1  0
 14  5  1  0
 13  8  1  0
M  END
",,,Small molecule,0,460.9200134277344,10,15,6.059999942779541,96.48999786376953,4,2,1,1,false,0.23000000417232513,10.32,4.27,5.980000019073486,5.980000019073486,5,MOL,-1,34,5,2,1,460.1091003417969,NEUTRAL,C28H17ClN4O
1,CHEMBL497863,Nc1ncnc(Nc2ccc3c(cnn3Cc3cccc(F)c3)c2)c1/C=N/NCC(F)(F)F,"
     RDKit          2D

 11 12  0  0  0  0  0  0  0  0999 V2000
    3.0000    0.0000    0.0000 R   0  0  0  0  0  1  0  0  0  0  0  0
    1.5000    0.0000    0.0000 C   0  0  0  0  0  0  0  0  0  0  0  0
    0.7500   -1.2990    0.0000 C   0  0  0  0  0  0  0  0  0  0  0  0
   -0.7500   -1.2990    0.0000 C   0  0  0  0  0  0  0  0  0  0  0  0
   -1.5000    0.0000    0.0000 C   0  0  0  0  0  0  0  0  0  0  0  0
   -0.7500    1.2990    0.0000 C   0  0  0  0  0  0  0  0  0  0  0  0
   -1.7537    2.4138    0.0000 C   0  0  0  0  0  0  0  0  0  0  0  0
   -3.1240    1.8037    0.0000 N   0  0  0  0  0  0  0  0  0  0  0  0
   -2.9672    0.3119    0.0000 N   0  0  0  0  0  0  0  0  0  0  0  0
   -4.0819   -0.6918    0.0000 R   0  0  0  0  0  1  0  0  0  0  0  0
    0.7500    1.2990    0.0000 C   0  0  0  0  0  0  0  0  0  0  0  0
  1  2  1  0
  2  3  2  0
  3  4  1  0
  4  5  2  0
  5  6  1  0
  6  7  1  0
  7  8  2  0
  8  9  1  0
  9 10  1  0
  6 11  2  0
 11  2  1  0
  9  5  1  0
M  RGP  2   1   1  10   2
M  END
",,,Small molecule,0,458.4200134277344,2,3,3.8299999237060547,106.04000091552734,8,3,0,7,false,0.2199999988079071,13.85,4.33,3.7699999809265137,3.7699999809265137,4,MOL,-1,33,8,4,0,458.1590881347656,NEUTRAL,C21H18F4N8
2,CHEMBL1979703,CC(OC1CC(=O)CC2C(=O)C=CC(=O)C12)c1ccccc1,"
     RDKit          2D

 13 14  0  0  0  0  0  0  0  0999 V2000
    3.0000    0.0000    0.0000 R   0  0  0  0  0  1  0  0  0  0  0  0
    1.5000    0.0000    0.0000 R   0  0  0  0  0  0  0  0  0  0  0  0
    0.7500   -1.2990    0.0000 C   0  0  0  0  0  0  0  0  0  0  0  0
   -0.7500   -1.2990    0.0000 C   0  0  0  0  0  0  0  0  0  0  0  0
   -1.5000    0.0000    0.0000 R   0  0  0  0  0  0  0  0  0  0  0  0
   -0.7500    1.2990    0.0000 C   0  0  0  0  0  0  0  0  0  0  0  0
   -1.5000    2.5981    0.0000 C   0  0  0  0  0  0  0  0  0  0  0  0
   -3.0000    2.5981    0.0000 O   0  0  0  0  0  0  0  0  0  0  0  0
   -0.7500    3.8971    0.0000 C   0  0  0  0  0  0  0  0  0  0  0  0
    0.7500    3.8971    0.0000 C   0  0  0  0  0  0  0  0  0  0  0  0
    1.5000    2.5981    0.0000 C   0  0  0  0  0  0  0  0  0  0  0  0
    3.0000    2.5981    0.0000 O   0  0  0  0  0  0  0  0  0  0  0  0
    0.7500    1.2990    0.0000 C   0  0  0  0  0  0  0  0  0  0  0  0
  1  2  1  0
  2  3  1  0
  3  4  1  0
  4  5  1  0
  5  6  1  0
  6  7  1  0
  7  8  2  0
  7  9  1  0
  9 10  2  0
 10 11  1  0
 11 12  2  0
 11 13  1  0
 13  2  1  0
 13  6  1  0
M  RGP  1   1   1
M  END
",,,Small molecule,0,298.3399963378906,59,59,2.440000057220459,60.439998626708984,4,0,0,3,false,0.8600000143051147,9.66,None,2.7100000381469727,2.7100000381469727,1,MOL,-1,22,4,0,0,298.1205139160156,NEUTRAL,C18H18O4
3,CHEMBL526671,Cn1cc(-c2ccc3c(c2)CC/C3=N\O)c(-c2ccc3c(cnn3C)c2)n1,"
     RDKit          2D

 11 12  0  0  0  0  0  0  0  0999 V2000
    3.0000    0.0000    0.0000 R   0  0  0  0  0  1  0  0  0  0  0  0
    1.5000    0.0000    0.0000 C   0  0  0  0  0  0  0  0  0  0  0  0
    0.7500   -1.2990    0.0000 C   0  0  0  0  0  0  0  0  0  0  0  0
   -0.7500   -1.2990    0.0000 C   0  0  0  0  0  0  0  0  0  0  0  0
   -1.5000    0.0000    0.0000 C   0  0  0  0  0  0  0  0  0  0  0  0
   -0.7500    1.2990    0.0000 C   0  0  0  0  0  0  0  0  0  0  0  0
   -1.7537    2.4138    0.0000 C   0  0  0  0  0  0  0  0  0  0  0  0
   -3.1240    1.8037    0.0000 N   0  0  0  0  0  0  0  0  0  0  0  0
   -2.9672    0.3119    0.0000 N   0  0  0  0  0  0  0  0  0  0  0  0
   -4.0819   -0.6918    0.0000 R   0  0  0  0  0  1  0  0  0  0  0  0
    0.7500    1.2990    0.0000 C   0  0  0  0  0  0  0  0  0  0  0  0
  1  2  1  0
  2  3  2  0
  3  4  1  0
  4  5  2  0
  5  6  1  0
  6  7  1  0
  7  8  2  0
  8  9  1  0
  9 10  1  0
  6 11  2  0
 11  2  1  0
  9  5  1  0
M  RGP  2   1   1  10   2
M  END
",,,Small molecule,0,357.4200134277344,1,1,3.7699999809265137,68.2300033569336,6,1,0,2,false,0.4399999976158142,7.45,2.36,3.4000000953674316,3.119999885559082,4,MOL,-1,27,6,1,0,357.15899658203125,NEUTRAL,C21H19N5O
4,CHEMBL464320,COS(=O)(=O)[O-].COc1cc2ccc3c4cc5c(cc4c(OC)[n+](C)c3c2cc1OC)OCO5,"
     RDKit          2D

 14 16  0  0  0  0  0  0  0  0999 V2000
    1.5000    0.0000    0.0000 R   0  0  0  0  0  0  0  0  0  0  0  0
    0.7500   -1.2990    0.0000 C   0  0  0  0  0  0  0  0  0  0  0  0
   -0.7500   -1.2990    0.0000 C   0  0  0  0  0  0  0  0  0  0  0  0
   -1.5000    0.0000    0.0000 C   0  0  0  0  0  0  0  0  0  0  0  0
   -0.7500    1.2990    0.0000 C   0  0  0  0  0  0  0  0  0  0  0  0
   -1.5000    2.5981    0.0000 C   0  0  0  0  0  0  0  0  0  0  0  0
   -0.7500    3.8971    0.0000 C   0  0  0  0  0  0  0  0  0  0  0  0
    0.7500    3.8971    0.0000 C   0  0  0  0  0  0  0  0  0  0  0  0
    1.5000    5.1962    0.0000 C   0  0  0  0  0  0  0  0  0  0  0  0
    3.0000    5.1962    0.0000 C   0  0  0  0  0  0  0  0  0  0  0  0
    3.7500    3.8971    0.0000 C   0  0  0  0  0  0  0  0  0  0  0  0
    3.0000    2.5981    0.0000 R   0  0  0  0  0  0  0  0  0  0  0  0
    1.5000    2.5981    0.0000 C   0  0  0  0  0  0  0  0  0  0  0  0
    0.7500    1.2990    0.0000 C   0  0  0  0  0  0  0  0  0  0  0  0
  1  2  2  0
  2  3  1  0
  3  4  2  0
  4  5  1  0
  5  6  2  0
  6  7  1  0
  7  8  2  0
  8  9  1  0
  9 10  2  0
 10 11  1  0
 11 12  2  0
 12 13  1  0
 13 14  2  0
 14  1  1  0
 14  5  1  0
 13  8  1  0
M  END
",ALLONITIDINE METHYLSULFATE,NSC-171554,Small molecule,0,489.5,1,11,3.7300000190734863,50.029998779296875,5,0,0,3,false,0.4000000059604645,None,None,-0.949999988079071,-0.949999988079071,4,MOL,-1,28,6,0,0,378.13360595703125,NEUTRAL,C23H23NO9S
5,CHEMBL1476591,Cc1cc2nc(-c3ccc(NC(=O)c4cc5ccccc5o4)cc3)oc2cc1C,"
     RDKit          2D

 11 12  0  0  0  0  0  0  0  0999 V2000
   -0.0967    5.1517    0.0000 R   0  0  0  0  0  1  0  0  0  0  0  0
   -0.4086    3.6844    0.0000 C   0  0  0  0  0  0  0  0  0  0  0  0
    0.7062    2.6807    0.0000 C   0  0  0  0  0  0  0  0  0  0  0  0
    0.3943    1.2135    0.0000 C   0  0  0  0  0  0  0  0  0  0  0  0
    1.2760    0.0000    0.0000 N   0  0  0  0  0  0  0  0  0  0  0  0
    0.3943   -1.2135    0.0000 C   0  0  0  0  0  0  0  0  0  0  0  0
   -1.0323   -0.7500    0.0000 O   0  0  0  0  0  0  0  0  0  0  0  0
   -1.0323    0.7500    0.0000 C   0  0  0  0  0  0  0  0  0  0  0  0
   -2.1470    1.7537    0.0000 C   0  0  0  0  0  0  0  0  0  0  0  0
   -1.8351    3.2209    0.0000 C   0  0  0  0  0  0  0  0  0  0  0  0
   -2.9499    4.2246    0.0000 R   0  0  0  0  0  1  0  0  0  0  0  0
  1  2  1  0
  2  3  2  0
  3  4  1  0
  4  5  1  0
  5  6  2  0
  6  7  1  0
  7  8  1  0
  8  9  1  0
  9 10  2  0
 10 11  1  0
 10  2  1  0
  8  4  2  0
M  RGP  2   1   1  11   2
M  END
",,,Small molecule,0,382.4200134277344,7,8,6.110000133514404,68.2699966430664,4,1,1,3,false,0.4099999964237213,None,0.78,5.539999961853027,5.539999961853027,5,MOL,-1,29,5,1,1,382.1317138671875,NEUTRAL,C24H18N2O3
6,CHEMBL2001886,O=C1C=CC(=O)[C@@H]2C3C=CC(C4C3[C@]3(Cl)C(Cl)=C(Cl)C4(Cl)C3(Cl)Cl)[C@H]12,"
     RDKit          2D

 13 14  0  0  0  0  0  0  0  0999 V2000
    3.0000    0.0000    0.0000 R   0  0  0  0  0  1  0  0  0  0  0  0
    1.5000    0.0000    0.0000 R   0  0  0  0  0  0  0  0  0  0  0  0
    0.7500   -1.2990    0.0000 C   0  0  0  0  0  0  0  0  0  0  0  0
   -0.7500   -1.2990    0.0000 C   0  0  0  0  0  0  0  0  0  0  0  0
   -1.5000    0.0000    0.0000 R   0  0  0  0  0  0  0  0  0  0  0  0
   -0.7500    1.2990    0.0000 C   0  0  0  0  0  0  0  0  0  0  0  0
   -1.5000    2.5981    0.0000 C   0  0  0  0  0  0  0  0  0  0  0  0
   -3.0000    2.5981    0.0000 O   0  0  0  0  0  0  0  0  0  0  0  0
   -0.7500    3.8971    0.0000 C   0  0  0  0  0  0  0  0  0  0  0  0
    0.7500    3.8971    0.0000 C   0  0  0  0  0  0  0  0  0  0  0  0
    1.5000    2.5981    0.0000 C   0  0  0  0  0  0  0  0  0  0  0  0
    3.0000    2.5981    0.0000 O   0  0  0  0  0  0  0  0  0  0  0  0
    0.7500    1.2990    0.0000 C   0  0  0  0  0  0  0  0  0  0  0  0
  1  2  1  0
  2  3  1  0
  3  4  1  0
  4  5  1  0
  5  6  1  0
  6  7  1  0
  7  8  2  0
  7  9  1  0
  9 10  2  0
 10 11  1  0
 11 12  2  0
 11 13  1  0
 13  2  1  0
 13  6  1  0
M  RGP  1   1   1
M  END
",,,Small molecule,0,458.9800109863281,59,59,4.820000171661377,34.13999938964844,2,0,0,0,false,0.3799999952316284,10.83,None,4.679999828338623,4.679999828338623,0,MOL,-1,25,2,0,0,455.8811950683594,NEUTRAL,C17H10Cl6O2
7,CHEMBL454794,COc1cc(O)cc2cc(O)c3c(=O)cc(C)oc3c12,"
     RDKit          2D

 14 16  0  0  0  0  0  0  0  0999 V2000
    1.5000    0.0000    0.0000 R   0  0  0  0  0  0  0  0  0  0  0  0
    0.7500   -1.2990    0.0000 C   0  0  0  0  0  0  0  0  0  0  0  0
   -0.7500   -1.2990    0.0000 C   0  0  0  0  0  0  0  0  0  0  0  0
   -1.5000    0.0000    0.0000 C   0  0  0  0  0  0  0  0  0  0  0  0
   -0.7500    1.2990    0.0000 C   0  0  0  0  0  0  0  0  0  0  0  0
   -1.5000    2.5981    0.0000 C   0  0  0  0  0  0  0  0  0  0  0  0
   -0.7500    3.8971    0.0000 C   0  0  0  0  0  0  0  0  0  0  0  0
    0.7500    3.8971    0.0000 C   0  0  0  0  0  0  0  0  0  0  0  0
    1.5000    5.1962    0.0000 C   0  0  0  0  0  0  0  0  0  0  0  0
    3.0000    5.1962    0.0000 C   0  0  0  0  0  0  0  0  0  0  0  0
    3.7500    3.8971    0.0000 C   0  0  0  0  0  0  0  0  0  0  0  0
    3.0000    2.5981    0.0000 R   0  0  0  0  0  0  0  0  0  0  0  0
    1.5000    2.5981    0.0000 C   0  0  0  0  0  0  0  0  0  0  0  0
    0.7500    1.2990    0.0000 C   0  0  0  0  0  0  0  0  0  0  0  0
  1  2  2  0
  2  3  1  0
  3  4  2  0
  4  5  1  0
  5  6  2  0
  6  7  1  0
  7  8  2  0
  8  9  1  0
  9 10  2  0
 10 11  1  0
 11 12  2  0
 12 13  1  0
 13 14  2  0
 14  1  1  0
 14  5  1  0
 13  8  1  0
M  END
",,TMC-256C1,Small molecule,0,272.260009765625,2,4,2.6700000762939453,79.9000015258789,5,2,0,1,false,0.6700000166893005,7.19,None,2.75,2.319999933242798,3,MOL,-1,20,5,2,0,272.0685119628906,NEUTRAL,C15H12O5
8,CHEMBL465004,COc1cc(OC)c2cc([N+](=O)[O-])c3c(C(=O)O)cc4c(c3c2c1)OCO4,"
     RDKit          2D

 14 16  0  0  0  0  0  0  0  0999 V2000
    1.5000    0.0000    0.0000 R   0  0  0  0  0  0  0  0  0  0  0  0
    0.7500   -1.2990    0.0000 C   0  0  0  0  0  0  0  0  0  0  0  0
   -0.7500   -1.2990    0.0000 C   0  0  0  0  0  0  0  0  0  0  0  0
   -1.5000    0.0000    0.0000 C   0  0  0  0  0  0  0  0  0  0  0  0
   -0.7500    1.2990    0.0000 C   0  0  0  0  0  0  0  0  0  0  0  0
   -1.5000    2.5981    0.0000 C   0  0  0  0  0  0  0  0  0  0  0  0
   -0.7500    3.8971    0.0000 C   0  0  0  0  0  0  0  0  0  0  0  0
    0.7500    3.8971    0.0000 C   0  0  0  0  0  0  0  0  0  0  0  0
    1.5000    5.1962    0.0000 C   0  0  0  0  0  0  0  0  0  0  0  0
    3.0000    5.1962    0.0000 C   0  0  0  0  0  0  0  0  0  0  0  0
    3.7500    3.8971    0.0000 C   0  0  0  0  0  0  0  0  0  0  0  0
    3.0000    2.5981    0.0000 R   0  0  0  0  0  0  0  0  0  0  0  0
    1.5000    2.5981    0.0000 C   0  0  0  0  0  0  0  0  0  0  0  0
    0.7500    1.2990    0.0000 C   0  0  0  0  0  0  0  0  0  0  0  0
  1  2  2  0
  2  3  1  0
  3  4  2  0
  4  5  1  0
  5  6  2  0
  6  7  1  0
  7  8  2  0
  8  9  1  0
  9 10  2  0
 10 11  1  0
 11 12  2  0
 12 13  1  0
 13 14  2  0
 14  1  1  0
 14  5  1  0
 13  8  1  0
M  END
",ARISTOLOCHIC ACID IV,Aristolochic acid IV,Small molecule,0,371.29998779296875,2,12,3.3499999046325684,117.36000061035156,7,1,0,4,false,0.41999998688697815,3.15,None,2.859999895095825,-0.6000000238418579,3,MOL,-1,27,9,1,0,371.0640869140625,ACID,C18H13NO8
9,CHEMBL2221106,CCCCN1CCC(CNC(=O)c2nn(C)c3ccc(Cl)cc23)CC1,"
     RDKit          2D

 11 12  0  0  0  0  0  0  0  0999 V2000
    3.0000    0.0000    0.0000 R   0  0  0  0  0  1  0  0  0  0  0  0
    1.5000    0.0000    0.0000 C   0  0  0  0  0  0  0  0  0  0  0  0
    0.7500   -1.2990    0.0000 C   0  0  0  0  0  0  0  0  0  0  0  0
   -0.7500   -1.2990    0.0000 C   0  0  0  0  0  0  0  0  0  0  0  0
   -1.5000    0.0000    0.0000 C   0  0  0  0  0  0  0  0  0  0  0  0
   -0.7500    1.2990    0.0000 C   0  0  0  0  0  0  0  0  0  0  0  0
   -1.7537    2.4138    0.0000 C   0  0  0  0  0  0  0  0  0  0  0  0
   -3.1240    1.8037    0.0000 N   0  0  0  0  0  0  0  0  0  0  0  0
   -2.9672    0.3119    0.0000 N   0  0  0  0  0  0  0  0  0  0  0  0
   -4.0819   -0.6918    0.0000 R   0  0  0  0  0  1  0  0  0  0  0  0
    0.7500    1.2990    0.0000 C   0  0  0  0  0  0  0  0  0  0  0  0
  1  2  1  0
  2  3  2  0
  3  4  1  0
  4  5  2  0
  5  6  1  0
  6  7  1  0
  7  8  2  0
  8  9  1  0
  9 10  1  0
  6 11  2  0
 11  2  1  0
  9  5  1  0
M  RGP  2   1   1  10   2
M  END
",,,Small molecule,0,362.9100036621094,,,3.4700000286102295,50.15999984741211,4,1,0,6,false,0.8600000143051147,None,9.80,3.299999952316284,0.9200000166893005,2,MOL,-1,25,5,1,0,362.1872863769531,BASE,C19H27ClN4O
10,CHEMBL1536423,O=C1CSC2N1CCNC21CCCCC1,"
     RDKit          2D

 11 12  0  0  0  0  0  0  0  0999 V2000
    1.5000    0.0000    0.0000 C   0  0  0  0  0  0  0  0  0  0  0  0
    0.7500   -1.2990    0.0000 C   0  0  0  0  0  0  0  0  0  0  0  0
   -0.7500   -1.2990    0.0000 C   0  0  0  0  0  0  0  0  0  0  0  0
   -1.5000    0.0000    0.0000 C   0  0  0  0  0  0  0  0  0  0  0  0
   -0.7500    1.2990    0.0000 C   0  0  0  0  0  0  0  0  0  0  0  0
    0.7500    1.2990    0.0000 C   0  0  0  0  0  0  0  0  0  0  0  0
   -2.2500    1.2990    0.0000 C   0  0  0  0  0  0  0  0  0  0  0  0
   -3.7500    1.2990    0.0000 R   0  0  0  0  0  0  0  0  0  0  0  0
   -4.5000   -0.0000    0.0000 C   0  0  0  0  0  0  0  0  0  0  0  0
   -3.7500   -1.2990    0.0000 C   0  0  0  0  0  0  0  0  0  0  0  0
   -2.2500   -1.2990    0.0000 N   0  0  0  0  0  0  0  0  0  0  0  0
  1  2  1  0
  2  3  1  0
  3  4  1  0
  4  5  1  0
  5  6  1  0
  4  7  1  0
  7  8  1  0
  8  9  1  0
  9 10  1  0
 10 11  1  0
  6  1  1  0
 11  4  1  0
M  END
",,,Small molecule,0,226.33999633789062,7,7,1.190000057220459,32.34000015258789,3,1,0,0,true,0.6700000166893005,None,7.81,0.9800000190734863,0.4300000071525574,0,MOL,-1,15,3,1,0,226.11399841308594,NEUTRAL,C11H18N2OS
11,CHEMBL4282914,CC1=C(C)C(=O)O[C@@H]([C@](C)(O)[C@H]2CC[C@H]3[C@@H]4C[C@H]5O[C@]56C(=O)C=CC(=O)[C@]6(C)[C@H]4CC[C@@]32C)C1,"
     RDKit          2D

 13 14  0  0  0  0  0  0  0  0999 V2000
    3.0000    0.0000    0.0000 R   0  0  0  0  0  1  0  0  0  0  0  0
    1.5000    0.0000    0.0000 R   0  0  0  0  0  0  0  0  0  0  0  0
    0.7500   -1.2990    0.0000 C   0  0  0  0  0  0  0  0  0  0  0  0
   -0.7500   -1.2990    0.0000 C   0  0  0  0  0  0  0  0  0  0  0  0
   -1.5000    0.0000    0.0000 R   0  0  0  0  0  0  0  0  0  0  0  0
   -0.7500    1.2990    0.0000 C   0  0  0  0  0  0  0  0  0  0  0  0
   -1.5000    2.5981    0.0000 C   0  0  0  0  0  0  0  0  0  0  0  0
   -3.0000    2.5981    0.0000 O   0  0  0  0  0  0  0  0  0  0  0  0
   -0.7500    3.8971    0.0000 C   0  0  0  0  0  0  0  0  0  0  0  0
    0.7500    3.8971    0.0000 C   0  0  0  0  0  0  0  0  0  0  0  0
    1.5000    2.5981    0.0000 C   0  0  0  0  0  0  0  0  0  0  0  0
    3.0000    2.5981    0.0000 O   0  0  0  0  0  0  0  0  0  0  0  0
    0.7500    1.2990    0.0000 C   0  0  0  0  0  0  0  0  0  0  0  0
  1  2  1  0
  2  3  1  0
  3  4  1  0
  4  5  1  0
  5  6  1  0
  6  7  1  0
  7  8  2  0
  7  9  1  0
  9 10  2  0
 10 11  1  0
 11 12  2  0
 11 13  1  0
 13  2  1  0
 13  6  1  0
M  RGP  1   1   1
M  END
",,,Small molecule,0,468.5899963378906,1,1,3.700000047683716,93.19999694824219,6,1,0,2,false,0.49000000953674316,13.78,None,4.550000190734863,4.550000190734863,0,MOL,-1,34,6,1,0,468.2511901855469,NEUTRAL,C28H36O6
12,CHEMBL2001680,CC(C)=C[C@@H]1C[C@H](C)[C@H]2CC[C@H](C)[C@H]3C(=O)C(O)=C(C)C(=O)[C@]123,"
     RDKit          2D

 13 14  0  0  0  0  0  0  0  0999 V2000
    3.0000    0.0000    0.0000 R   0  0  0  0  0  1  0  0  0  0  0  0
    1.5000    0.0000    0.0000 R   0  0  0  0  0  0  0  0  0  0  0  0
    0.7500   -1.2990    0.0000 C   0  0  0  0  0  0  0  0  0  0  0  0
   -0.7500   -1.2990    0.0000 C   0  0  0  0  0  0  0  0  0  0  0  0
   -1.5000    0.0000    0.0000 R   0  0  0  0  0  0  0  0  0  0  0  0
   -0.7500    1.2990    0.0000 C   0  0  0  0  0  0  0  0  0  0  0  0
   -1.5000    2.5981    0.0000 C   0  0  0  0  0  0  0  0  0  0  0  0
   -3.0000    2.5981    0.0000 O   0  0  0  0  0  0  0  0  0  0  0  0
   -0.7500    3.8971    0.0000 C   0  0  0  0  0  0  0  0  0  0  0  0
    0.7500    3.8971    0.0000 C   0  0  0  0  0  0  0  0  0  0  0  0
    1.5000    2.5981    0.0000 C   0  0  0  0  0  0  0  0  0  0  0  0
    3.0000    2.5981    0.0000 O   0  0  0  0  0  0  0  0  0  0  0  0
    0.7500    1.2990    0.0000 C   0  0  0  0  0  0  0  0  0  0  0  0
  1  2  1  0
  2  3  1  0
  3  4  1  0
  4  5  1  0
  5  6  1  0
  6  7  1  0
  7  8  2  0
  7  9  1  0
  9 10  2  0
 10 11  1  0
 11 12  2  0
 11 13  1  0
 13  2  1  0
 13  6  1  0
M  RGP  1   1   1
M  END
",,,Small molecule,0,316.44000244140625,56,56,4.239999771118164,54.369998931884766,3,1,0,1,false,0.7400000095367432,5.75,None,4.510000228881836,2.859999895095825,0,MOL,-1,23,3,1,0,316.20379638671875,ACID,C20H28O3
13,CHEMBL1353661,Cc1cc2nc(-c3cccc(NC(=O)c4ccc(Br)o4)c3C)oc2cc1C,"
     RDKit          2D

 11 12  0  0  0  0  0  0  0  0999 V2000
   -0.0967    5.1517    0.0000 R   0  0  0  0  0  1  0  0  0  0  0  0
   -0.4086    3.6844    0.0000 C   0  0  0  0  0  0  0  0  0  0  0  0
    0.7062    2.6807    0.0000 C   0  0  0  0  0  0  0  0  0  0  0  0
    0.3943    1.2135    0.0000 C   0  0  0  0  0  0  0  0  0  0  0  0
    1.2760    0.0000    0.0000 N   0  0  0  0  0  0  0  0  0  0  0  0
    0.3943   -1.2135    0.0000 C   0  0  0  0  0  0  0  0  0  0  0  0
   -1.0323   -0.7500    0.0000 O   0  0  0  0  0  0  0  0  0  0  0  0
   -1.0323    0.7500    0.0000 C   0  0  0  0  0  0  0  0  0  0  0  0
   -2.1470    1.7537    0.0000 C   0  0  0  0  0  0  0  0  0  0  0  0
   -1.8351    3.2209    0.0000 C   0  0  0  0  0  0  0  0  0  0  0  0
   -2.9499    4.2246    0.0000 R   0  0  0  0  0  1  0  0  0  0  0  0
  1  2  1  0
  2  3  2  0
  3  4  1  0
  4  5  1  0
  5  6  2  0
  6  7  1  0
  7  8  1  0
  8  9  1  0
  9 10  2  0
 10 11  1  0
 10  2  1  0
  8  4  2  0
M  RGP  2   1   1  11   2
M  END
",,,Small molecule,0,425.2799987792969,16,23,6.03000020980835,68.2699966430664,4,1,1,3,false,0.4399999976158142,13.14,0.75,5.510000228881836,5.510000228881836,4,MOL,-1,27,5,1,1,424.04229736328125,NEUTRAL,C21H17BrN2O3
14,CHEMBL1801716,C[C@@H]1NC2(C(=O)N(CC(=O)NO)C1=O)C1CC3CC(C1)CC2C3,"
     RDKit          2D

 11 12  0  0  0  0  0  0  0  0999 V2000
    1.5000    0.0000    0.0000 C   0  0  0  0  0  0  0  0  0  0  0  0
    0.7500   -1.2990    0.0000 C   0  0  0  0  0  0  0  0  0  0  0  0
   -0.7500   -1.2990    0.0000 C   0  0  0  0  0  0  0  0  0  0  0  0
   -1.5000    0.0000    0.0000 C   0  0  0  0  0  0  0  0  0  0  0  0
   -0.7500    1.2990    0.0000 C   0  0  0  0  0  0  0  0  0  0  0  0
    0.7500    1.2990    0.0000 C   0  0  0  0  0  0  0  0  0  0  0  0
   -2.2500    1.2990    0.0000 C   0  0  0  0  0  0  0  0  0  0  0  0
   -3.7500    1.2990    0.0000 R   0  0  0  0  0  0  0  0  0  0  0  0
   -4.5000   -0.0000    0.0000 C   0  0  0  0  0  0  0  0  0  0  0  0
   -3.7500   -1.2990    0.0000 C   0  0  0  0  0  0  0  0  0  0  0  0
   -2.2500   -1.2990    0.0000 N   0  0  0  0  0  0  0  0  0  0  0  0
  1  2  1  0
  2  3  1  0
  3  4  1  0
  4  5  1  0
  5  6  1  0
  4  7  1  0
  7  8  1  0
  8  9  1  0
  9 10  1  0
 10 11  1  0
  6  1  1  0
 11  4  1  0
M  END
",,,Small molecule,0,321.3800048828125,1,2,0.029999999329447746,98.73999786376953,5,3,0,2,false,0.3799999952316284,8.75,4.88,0.029999999329447746,0.009999999776482582,0,MOL,-1,23,7,3,0,321.1689147949219,NEUTRAL,C16H23N3O4
15,CHEMBL498134,CN1CCN(/N=C/c2c(N)ncnc2Nc2ccc3c(cnn3Cc3cccc(F)c3)c2)CC1,"
     RDKit          2D

 11 12  0  0  0  0  0  0  0  0999 V2000
    3.0000    0.0000    0.0000 R   0  0  0  0  0  1  0  0  0  0  0  0
    1.5000    0.0000    0.0000 C   0  0  0  0  0  0  0  0  0  0  0  0
    0.7500   -1.2990    0.0000 C   0  0  0  0  0  0  0  0  0  0  0  0
   -0.7500   -1.2990    0.0000 C   0  0  0  0  0  0  0  0  0  0  0  0
   -1.5000    0.0000    0.0000 C   0  0  0  0  0  0  0  0  0  0  0  0
   -0.7500    1.2990    0.0000 C   0  0  0  0  0  0  0  0  0  0  0  0
   -1.7537    2.4138    0.0000 C   0  0  0  0  0  0  0  0  0  0  0  0
   -3.1240    1.8037    0.0000 N   0  0  0  0  0  0  0  0  0  0  0  0
   -2.9672    0.3119    0.0000 N   0  0  0  0  0  0  0  0  0  0  0  0
   -4.0819   -0.6918    0.0000 R   0  0  0  0  0  1  0  0  0  0  0  0
    0.7500    1.2990    0.0000 C   0  0  0  0  0  0  0  0  0  0  0  0
  1  2  1  0
  2  3  2  0
  3  4  1  0
  4  5  2  0
  5  6  1  0
  6  7  1  0
  7  8  2  0
  8  9  1  0
  9 10  1  0
  6 11  2  0
 11  2  1  0
  9  5  1  0
M  RGP  2   1   1  10   2
M  END
",,,Small molecule,0,459.5299987792969,6,7,2.9200000762939453,100.48999786376953,9,2,0,6,false,0.4300000071525574,13.85,7.20,2.609999895095825,2.390000104904175,4,MOL,-1,34,9,3,0,459.2294921875,NEUTRAL,C24H26FN9
16,CHEMBL1184518,CCCC[C@@H]1[C@H](O)CCCC12CCCC[N+]2(C)C,"
     RDKit          2D

 11 12  0  0  0  0  0  0  0  0999 V2000
    1.5000    0.0000    0.0000 C   0  0  0  0  0  0  0  0  0  0  0  0
    0.7500   -1.2990    0.0000 C   0  0  0  0  0  0  0  0  0  0  0  0
   -0.7500   -1.2990    0.0000 C   0  0  0  0  0  0  0  0  0  0  0  0
   -1.5000    0.0000    0.0000 C   0  0  0  0  0  0  0  0  0  0  0  0
   -0.7500    1.2990    0.0000 C   0  0  0  0  0  0  0  0  0  0  0  0
    0.7500    1.2990    0.0000 C   0  0  0  0  0  0  0  0  0  0  0  0
   -2.2500    1.2990    0.0000 C   0  0  0  0  0  0  0  0  0  0  0  0
   -3.7500    1.2990    0.0000 R   0  0  0  0  0  0  0  0  0  0  0  0
   -4.5000   -0.0000    0.0000 C   0  0  0  0  0  0  0  0  0  0  0  0
   -3.7500   -1.2990    0.0000 C   0  0  0  0  0  0  0  0  0  0  0  0
   -2.2500   -1.2990    0.0000 N   0  0  0  0  0  0  0  0  0  0  0  0
  1  2  1  0
  2  3  1  0
  3  4  1  0
  4  5  1  0
  5  6  1  0
  4  7  1  0
  7  8  1  0
  8  9  1  0
  9 10  1  0
 10 11  1  0
  6  1  1  0
 11  4  1  0
M  END
",,,Small molecule,0,254.44000244140625,,,3.3399999141693115,20.229999542236328,1,1,0,3,false,0.7699999809265137,None,None,-1.0499999523162842,-1.0499999523162842,0,MOL,-1,18,2,1,0,254.247802734375,NEUTRAL,C16H32NO+
17,CHEMBL2003468,O=c1[nH]n(Cc2ccccn2)c2ccc([N+](=O)[O-])cc12,"
     RDKit          2D

 11 12  0  0  0  0  0  0  0  0999 V2000
    3.0000    0.0000    0.0000 R   0  0  0  0  0  1  0  0  0  0  0  0
    1.5000    0.0000    0.0000 C   0  0  0  0  0  0  0  0  0  0  0  0
    0.7500   -1.2990    0.0000 C   0  0  0  0  0  0  0  0  0  0  0  0
   -0.7500   -1.2990    0.0000 C   0  0  0  0  0  0  0  0  0  0  0  0
   -1.5000    0.0000    0.0000 C   0  0  0  0  0  0  0  0  0  0  0  0
   -0.7500    1.2990    0.0000 C   0  0  0  0  0  0  0  0  0  0  0  0
   -1.7537    2.4138    0.0000 C   0  0  0  0  0  0  0  0  0  0  0  0
   -3.1240    1.8037    0.0000 N   0  0  0  0  0  0  0  0  0  0  0  0
   -2.9672    0.3119    0.0000 N   0  0  0  0  0  0  0  0  0  0  0  0
   -4.0819   -0.6918    0.0000 R   0  0  0  0  0  1  0  0  0  0  0  0
    0.7500    1.2990    0.0000 C   0  0  0  0  0  0  0  0  0  0  0  0
  1  2  1  0
  2  3  2  0
  3  4  1  0
  4  5  2  0
  5  6  1  0
  6  7  1  0
  7  8  2  0
  8  9  1  0
  9 10  1  0
  6 11  2  0
 11  2  1  0
  9  5  1  0
M  RGP  2   1   1  10   2
M  END
",,,Small molecule,0,270.25,55,61,1.6799999475479126,93.81999969482422,5,1,0,3,false,0.5799999833106995,6.29,4.41,1.399999976158142,0.7699999809265137,3,MOL,-1,20,7,1,0,270.0752868652344,ACID,C13H10N4O3
18,CHEMBL255621,Cc1ncoc1-c1nnc(SCCCN2CCc3cc4ncoc4cc3CC2)n1C,"
     RDKit          2D

 11 12  0  0  0  0  0  0  0  0999 V2000
   -0.0967    5.1517    0.0000 R   0  0  0  0  0  1  0  0  0  0  0  0
   -0.4086    3.6844    0.0000 C   0  0  0  0  0  0  0  0  0  0  0  0
    0.7062    2.6807    0.0000 C   0  0  0  0  0  0  0  0  0  0  0  0
    0.3943    1.2135    0.0000 C   0  0  0  0  0  0  0  0  0  0  0  0
    1.2760    0.0000    0.0000 N   0  0  0  0  0  0  0  0  0  0  0  0
    0.3943   -1.2135    0.0000 C   0  0  0  0  0  0  0  0  0  0  0  0
   -1.0323   -0.7500    0.0000 O   0  0  0  0  0  0  0  0  0  0  0  0
   -1.0323    0.7500    0.0000 C   0  0  0  0  0  0  0  0  0  0  0  0
   -2.1470    1.7537    0.0000 C   0  0  0  0  0  0  0  0  0  0  0  0
   -1.8351    3.2209    0.0000 C   0  0  0  0  0  0  0  0  0  0  0  0
   -2.9499    4.2246    0.0000 R   0  0  0  0  0  1  0  0  0  0  0  0
  1  2  1  0
  2  3  2  0
  3  4  1  0
  4  5  1  0
  5  6  2  0
  6  7  1  0
  7  8  1  0
  8  9  1  0
  9 10  2  0
 10 11  1  0
 10  2  1  0
  8  4  2  0
M  RGP  2   1   1  11   2
M  END
",,,Small molecule,0,424.5299987792969,5,5,3.5,86.01000213623047,9,0,0,6,false,0.3400000035762787,None,7.63,1.8200000524520874,1.3899999856948853,4,MOL,-1,30,8,0,0,424.1680908203125,NEUTRAL,C21H24N6O2S
19,CHEMBL1564855,OC1CC(c2ccco2)NC2(CCCCC2)C1,"
     RDKit          2D

 11 12  0  0  0  0  0  0  0  0999 V2000
    1.5000    0.0000    0.0000 C   0  0  0  0  0  0  0  0  0  0  0  0
    0.7500   -1.2990    0.0000 C   0  0  0  0  0  0  0  0  0  0  0  0
   -0.7500   -1.2990    0.0000 C   0  0  0  0  0  0  0  0  0  0  0  0
   -1.5000    0.0000    0.0000 C   0  0  0  0  0  0  0  0  0  0  0  0
   -0.7500    1.2990    0.0000 C   0  0  0  0  0  0  0  0  0  0  0  0
    0.7500    1.2990    0.0000 C   0  0  0  0  0  0  0  0  0  0  0  0
   -2.2500    1.2990    0.0000 C   0  0  0  0  0  0  0  0  0  0  0  0
   -3.7500    1.2990    0.0000 R   0  0  0  0  0  0  0  0  0  0  0  0
   -4.5000   -0.0000    0.0000 C   0  0  0  0  0  0  0  0  0  0  0  0
   -3.7500   -1.2990    0.0000 C   0  0  0  0  0  0  0  0  0  0  0  0
   -2.2500   -1.2990    0.0000 N   0  0  0  0  0  0  0  0  0  0  0  0
  1  2  1  0
  2  3  1  0
  3  4  1  0
  4  5  1  0
  5  6  1  0
  4  7  1  0
  7  8  1  0
  8  9  1  0
  9 10  1  0
 10 11  1  0
  6  1  1  0
 11  4  1  0
M  END
",,,Small molecule,0,235.3300018310547,9,9,2.7699999809265137,45.400001525878906,3,2,0,1,true,0.7900000214576721,None,8.44,1.690000057220459,0.6200000047683716,1,MOL,-1,17,3,2,0,235.15719604492188,NEUTRAL,C14H21NO2
20,CHEMBL497513,COc1cc2cccnc2c2nc(C)c3cc[nH]c3c12,"
     RDKit          2D

 14 16  0  0  0  0  0  0  0  0999 V2000
    1.5000    0.0000    0.0000 R   0  0  0  0  0  0  0  0  0  0  0  0
    0.7500   -1.2990    0.0000 C   0  0  0  0  0  0  0  0  0  0  0  0
   -0.7500   -1.2990    0.0000 C   0  0  0  0  0  0  0  0  0  0  0  0
   -1.5000    0.0000    0.0000 C   0  0  0  0  0  0  0  0  0  0  0  0
   -0.7500    1.2990    0.0000 C   0  0  0  0  0  0  0  0  0  0  0  0
   -1.5000    2.5981    0.0000 C   0  0  0  0  0  0  0  0  0  0  0  0
   -0.7500    3.8971    0.0000 C   0  0  0  0  0  0  0  0  0  0  0  0
    0.7500    3.8971    0.0000 C   0  0  0  0  0  0  0  0  0  0  0  0
    1.5000    5.1962    0.0000 C   0  0  0  0  0  0  0  0  0  0  0  0
    3.0000    5.1962    0.0000 C   0  0  0  0  0  0  0  0  0  0  0  0
    3.7500    3.8971    0.0000 C   0  0  0  0  0  0  0  0  0  0  0  0
    3.0000    2.5981    0.0000 R   0  0  0  0  0  0  0  0  0  0  0  0
    1.5000    2.5981    0.0000 C   0  0  0  0  0  0  0  0  0  0  0  0
    0.7500    1.2990    0.0000 C   0  0  0  0  0  0  0  0  0  0  0  0
  1  2  2  0
  2  3  1  0
  3  4  2  0
  4  5  1  0
  5  6  2  0
  6  7  1  0
  7  8  2  0
  8  9  1  0
  9 10  2  0
 10 11  1  0
 11 12  2  0
 12 13  1  0
 13 14  2  0
 14  1  1  0
 14  5  1  0
 13  8  1  0
M  END
",,,Small molecule,0,263.29998779296875,4,10,3.5799999237060547,50.79999923706055,3,1,0,1,false,0.5299999713897705,13.93,5.33,2.359999895095825,2.359999895095825,4,MOL,-1,20,4,1,0,263.10589599609375,NEUTRAL,C16H13N3O
21,CHEMBL390912,O=c1[nH]c2cc3c(cc2o1)[C@@]12CCCC[C@H]1[C@@H](C3)N(CC1CCC1)CC2,"
     RDKit          2D

 11 12  0  0  0  0  0  0  0  0999 V2000
   -0.0967    5.1517    0.0000 R   0  0  0  0  0  1  0  0  0  0  0  0
   -0.4086    3.6844    0.0000 C   0  0  0  0  0  0  0  0  0  0  0  0
    0.7062    2.6807    0.0000 C   0  0  0  0  0  0  0  0  0  0  0  0
    0.3943    1.2135    0.0000 C   0  0  0  0  0  0  0  0  0  0  0  0
    1.2760    0.0000    0.0000 N   0  0  0  0  0  0  0  0  0  0  0  0
    0.3943   -1.2135    0.0000 C   0  0  0  0  0  0  0  0  0  0  0  0
   -1.0323   -0.7500    0.0000 O   0  0  0  0  0  0  0  0  0  0  0  0
   -1.0323    0.7500    0.0000 C   0  0  0  0  0  0  0  0  0  0  0  0
   -2.1470    1.7537    0.0000 C   0  0  0  0  0  0  0  0  0  0  0  0
   -1.8351    3.2209    0.0000 C   0  0  0  0  0  0  0  0  0  0  0  0
   -2.9499    4.2246    0.0000 R   0  0  0  0  0  1  0  0  0  0  0  0
  1  2  1  0
  2  3  2  0
  3  4  1  0
  4  5  1  0
  5  6  2  0
  6  7  1  0
  7  8  1  0
  8  9  1  0
  9 10  2  0
 10 11  1  0
 10  2  1  0
  8  4  2  0
M  RGP  2   1   1  11   2
M  END
",,MCL-458,Small molecule,0,352.4800109863281,3,3,3.9800000190734863,49.2400016784668,3,1,0,2,false,0.8899999856948853,9.48,10.52,3.180000066757202,1.3600000143051147,2,MOL,-1,26,4,1,0,352.215087890625,BASE,C22H28N2O2
22,CHEMBL1801715,CN1CC(=O)N(CC(=O)NO)C(=O)C12C1CC3CC(C1)CC2C3,"
     RDKit          2D

 11 12  0  0  0  0  0  0  0  0999 V2000
    1.5000    0.0000    0.0000 C   0  0  0  0  0  0  0  0  0  0  0  0
    0.7500   -1.2990    0.0000 C   0  0  0  0  0  0  0  0  0  0  0  0
   -0.7500   -1.2990    0.0000 C   0  0  0  0  0  0  0  0  0  0  0  0
   -1.5000    0.0000    0.0000 C   0  0  0  0  0  0  0  0  0  0  0  0
   -0.7500    1.2990    0.0000 C   0  0  0  0  0  0  0  0  0  0  0  0
    0.7500    1.2990    0.0000 C   0  0  0  0  0  0  0  0  0  0  0  0
   -2.2500    1.2990    0.0000 C   0  0  0  0  0  0  0  0  0  0  0  0
   -3.7500    1.2990    0.0000 R   0  0  0  0  0  0  0  0  0  0  0  0
   -4.5000   -0.0000    0.0000 C   0  0  0  0  0  0  0  0  0  0  0  0
   -3.7500   -1.2990    0.0000 C   0  0  0  0  0  0  0  0  0  0  0  0
   -2.2500   -1.2990    0.0000 N   0  0  0  0  0  0  0  0  0  0  0  0
  1  2  1  0
  2  3  1  0
  3  4  1  0
  4  5  1  0
  5  6  1  0
  4  7  1  0
  7  8  1  0
  8  9  1  0
  9 10  1  0
 10 11  1  0
  6  1  1  0
 11  4  1  0
M  END
",,,Small molecule,0,321.3800048828125,4,6,-0.009999999776482582,89.94999694824219,5,2,0,2,false,0.41999998688697815,8.75,4.98,-0.15000000596046448,-0.17000000178813934,0,MOL,-1,23,7,2,0,321.1689147949219,NEUTRAL,C16H23N3O4
23,CHEMBL272302,CCc1nc2cc3c(cc2o1)CCN(CCCSc1nnc(-c2cccnc2)n1C)CC3,"
     RDKit          2D

 11 12  0  0  0  0  0  0  0  0999 V2000
   -0.0967    5.1517    0.0000 R   0  0  0  0  0  1  0  0  0  0  0  0
   -0.4086    3.6844    0.0000 C   0  0  0  0  0  0  0  0  0  0  0  0
    0.7062    2.6807    0.0000 C   0  0  0  0  0  0  0  0  0  0  0  0
    0.3943    1.2135    0.0000 C   0  0  0  0  0  0  0  0  0  0  0  0
    1.2760    0.0000    0.0000 N   0  0  0  0  0  0  0  0  0  0  0  0
    0.3943   -1.2135    0.0000 C   0  0  0  0  0  0  0  0  0  0  0  0
   -1.0323   -0.7500    0.0000 O   0  0  0  0  0  0  0  0  0  0  0  0
   -1.0323    0.7500    0.0000 C   0  0  0  0  0  0  0  0  0  0  0  0
   -2.1470    1.7537    0.0000 C   0  0  0  0  0  0  0  0  0  0  0  0
   -1.8351    3.2209    0.0000 C   0  0  0  0  0  0  0  0  0  0  0  0
   -2.9499    4.2246    0.0000 R   0  0  0  0  0  1  0  0  0  0  0  0
  1  2  1  0
  2  3  2  0
  3  4  1  0
  4  5  1  0
  5  6  2  0
  6  7  1  0
  7  8  1  0
  8  9  1  0
  9 10  2  0
 10 11  1  0
 10  2  1  0
  8  4  2  0
M  RGP  2   1   1  11   2
M  END
",,,Small molecule,0,448.6000061035156,5,5,4.159999847412109,72.87000274658203,8,0,0,7,false,0.3100000023841858,None,7.66,3.440000057220459,2.990000009536743,4,MOL,-1,32,7,0,0,448.2044982910156,NEUTRAL,C24H28N6OS
24,CHEMBL1975139,CC(=O)OC1=CC2(OC(C)=O)CC(C)(C)C1C1C(=O)C=CC(=O)C12,"
     RDKit          2D

 13 14  0  0  0  0  0  0  0  0999 V2000
    3.0000    0.0000    0.0000 R   0  0  0  0  0  1  0  0  0  0  0  0
    1.5000    0.0000    0.0000 R   0  0  0  0  0  0  0  0  0  0  0  0
    0.7500   -1.2990    0.0000 C   0  0  0  0  0  0  0  0  0  0  0  0
   -0.7500   -1.2990    0.0000 C   0  0  0  0  0  0  0  0  0  0  0  0
   -1.5000    0.0000    0.0000 R   0  0  0  0  0  0  0  0  0  0  0  0
   -0.7500    1.2990    0.0000 C   0  0  0  0  0  0  0  0  0  0  0  0
   -1.5000    2.5981    0.0000 C   0  0  0  0  0  0  0  0  0  0  0  0
   -3.0000    2.5981    0.0000 O   0  0  0  0  0  0  0  0  0  0  0  0
   -0.7500    3.8971    0.0000 C   0  0  0  0  0  0  0  0  0  0  0  0
    0.7500    3.8971    0.0000 C   0  0  0  0  0  0  0  0  0  0  0  0
    1.5000    2.5981    0.0000 C   0  0  0  0  0  0  0  0  0  0  0  0
    3.0000    2.5981    0.0000 O   0  0  0  0  0  0  0  0  0  0  0  0
    0.7500    1.2990    0.0000 C   0  0  0  0  0  0  0  0  0  0  0  0
  1  2  1  0
  2  3  1  0
  3  4  1  0
  4  5  1  0
  5  6  1  0
  6  7  1  0
  7  8  2  0
  7  9  1  0
  9 10  2  0
 10 11  1  0
 11 12  2  0
 11 13  1  0
 13  2  1  0
 13  6  1  0
M  RGP  1   1   1
M  END
",,,Small molecule,0,332.3500061035156,68,68,1.7400000095367432,86.73999786376953,6,0,0,2,false,0.7200000286102295,9.66,None,1.1100000143051147,1.1100000143051147,0,MOL,-1,24,6,0,0,332.1260070800781,NEUTRAL,C18H20O6